City,State,Topic: Termites,Topic: Roofs,Topic: HOA,Topic: Unpermitted Work,Topic: Lead Paint
New York City,NY,,,,,
Los Angeles,CA,,,,,
Chicago,IL,,,,,
Brooklyn,NY,,,,,
Houston,TX,,,,,
Queens,NY,,,,,
Philadelphia,PA,,,,,
Phoenix,AZ,,,,,
Manhattan,NY,,,,,
San Antonio,TX,,,,,
San Diego,CA,,,,,
The Bronx,NY,,,,,
Dallas,TX,,,,,
San Jose,CA,,,,,
Austin,TX,,,,,
Jacksonville,FL,,,,,
San Francisco,CA,,,,,
Columbus,OH,,,,,
Fort Worth,TX,,,,,
Indianapolis,IN,,,,,
Charlotte,NC,,,,,
Seattle,WA,,,,,
Denver,CO,,,,,
El Paso,TX,,,,,
Detroit,MI,,,,,
Boston,MA,,,,,
Memphis,TN,,,,,
New South Memphis,TN,,,,,
Portland,OR,,,,,
Oklahoma City,OK,,,,,
Las Vegas,NV,,,,,
Baltimore,MD,,,,,
Washington D.C.,DC,,,,,
Milwaukee,WI,,,,,
South Boston,MA,,,,,
Albuquerque,NM,,,,,
Tucson,AZ,,,,,
Nashville,TN,,,,,
Fresno,CA,,,,,
Sacramento,CA,,,,,
Kansas City,MO,,,,,
Long Beach,CA,,,,,
Mesa,AZ,,,,,
Staten Island,NY,,,,,
Atlanta,GA,,,,,
Colorado Springs,CO,,,,,
Virginia Beach,VA,,,,,
Raleigh,NC,,,,,
Omaha,NE,,,,,
Miami,FL,,,,,
Oakland,CA,,,,,
Minneapolis,MN,,,,,
Tulsa,OK,,,,,
Wichita,KS,,,,,
New Orleans,LA,,,,,
Arlington,TX,,,,,
Cleveland,OH,,,,,
Bakersfield,CA,,,,,
Honolulu,HI,,,,,
Tampa,FL,,,,,
Aurora,CO,,,,,
Anaheim,CA,,,,,
West Raleigh,NC,,,,,
Santa Ana,CA,,,,,
Corpus Christi,TX,,,,,
Riverside,CA,,,,,
St. Louis,MO,,,,,
Lexington-Fayette,KY,,,,,
Stockton,CA,,,,,
Pittsburgh,PA,,,,,
Anchorage,AK,,,,,
Cincinnati,OH,,,,,
Ironville,KY,,,,,
Meads,KY,,,,,
Henderson,NV,,,,,
Greensboro,NC,,,,,
Saint Paul,MN,,,,,
Plano,TX,,,,,
Newark,NJ,,,,,
Toledo,OH,,,,,
Lincoln,NE,,,,,
Orlando,FL,,,,,
Chula Vista,CA,,,,,
Jersey City,NJ,,,,,
Chandler,AZ,,,,,
Fort Wayne,IN,,,,,
Buffalo,NY,,,,,
Durham,NC,,,,,
St. Petersburg,FL,,,,,
Irvine,CA,,,,,
Laredo,TX,,,,,
Lubbock,TX,,,,,
Madison,WI,,,,,
Gilbert,AZ,,,,,
Norfolk,VA,,,,,
Louisville,KY,,,,,
Reno,NV,,,,,
Winston-Salem,NC,,,,,
Glendale,AZ,,,,,
Hialeah,FL,,,,,
Garland,TX,,,,,
Scottsdale,AZ,,,,,
Irving,TX,,,,,
Chesapeake,VA,,,,,
North Las Vegas,NV,,,,,
Fremont,CA,,,,,
Baton Rouge,LA,,,,,
Lexington,KY,,,,,
Paradise,NV,,,,,
Richmond,VA,,,,,
Jamaica,NY,,,,,
San Bernardino,CA,,,,,
Spokane,WA,,,,,
Birmingham,AL,,,,,
Modesto,CA,,,,,
Des Moines,IA,,,,,
Rochester,NY,,,,,
Maryvale,AZ,,,,,
Tacoma,WA,,,,,
Arlington,VA,,,,,
Fontana,CA,,,,,
Oxnard,CA,,,,,
Moreno Valley,CA,,,,,
Fayetteville,NC,,,,,
Huntington Beach,CA,,,,,
Yonkers,NY,,,,,
Glendale,CA,,,,,
Aurora,IL,,,,,
Montgomery,AL,,,,,
Columbus,GA,,,,,
Amarillo,TX,,,,,
Little Rock,AR,,,,,
Akron,OH,,,,,
Shreveport,LA,,,,,
Grand Rapids,MI,,,,,
Mobile,AL,,,,,
Salt Lake City,UT,,,,,
Huntsville,AL,,,,,
Tallahassee,FL,,,,,
Sunrise Manor,NV,,,,,
Grand Prairie,TX,,,,,
Overland Park,KS,,,,,
Knoxville,TN,,,,,
Worcester,MA,,,,,
Brownsville,TX,,,,,
Newport News,VA,,,,,
Santa Clarita,CA,,,,,
Providence,RI,,,,,
Fort Lauderdale,FL,,,,,
East Flatbush,NY,,,,,
Spring Valley,NV,,,,,
Chattanooga,TN,,,,,
Tempe,AZ,,,,,
Oceanside,CA,,,,,
Garden Grove,CA,,,,,
Rancho Cucamonga,CA,,,,,
Cape Coral,FL,,,,,
Santa Rosa,CA,,,,,
East New York,NY,,,,,
Vancouver,WA,,,,,
Sioux Falls,SD,,,,,
Peoria,AZ,,,,,
Ontario,CA,,,,,
Jackson,MS,,,,,
Hollywood,CA,,,,,
Elk Grove,CA,,,,,
Springfield,MO,,,,,
Pembroke Pines,FL,,,,,
Deer Valley,AZ,,,,,
Port Saint Lucie,FL,,,,,
Salem,OR,,,,,
Corona,CA,,,,,
Eugene,OR,,,,,
McKinney,TX,,,,,
Fort Collins,CO,,,,,
Lancaster,CA,,,,,
Cary,NC,,,,,
Tempe Junction,AZ,,,,,
Palmdale,CA,,,,,
Hayward,CA,,,,,
Salinas,CA,,,,,
Frisco,TX,,,,,
Springfield,MA,,,,,
East Chattanooga,TN,,,,,
Pasadena,TX,,,,,
Alexandria,VA,,,,,
Pomona,CA,,,,,
Washington Heights,NY,,,,,
Lakewood,CO,,,,,
Sunnyvale,CA,,,,,
Escondido,CA,,,,,
Kansas City,KS,,,,,
Astoria,NY,,,,,
Hollywood,FL,,,,,
Borough Park,NY,,,,,
Clarksville,TN,,,,,
Torrance,CA,,,,,
Valencia,CA,,,,,
Rockford,IL,,,,,
East Hampton,VA,,,,,
Joliet,IL,,,,,
Paterson,NJ,,,,,
Bridgeport,CT,,,,,
Naperville,IL,,,,,
Boise,ID,,,,,
Savannah,GA,,,,,
Mesquite,TX,,,,,
Syracuse,NY,,,,,
Metairie Terrace,LA,,,,,
Pasadena,CA,,,,,
Orange,CA,,,,,
Fullerton,CA,,,,,
Killeen,TX,,,,,
Dayton,OH,,,,,
McAllen,TX,,,,,
Bellevue,WA,,,,,
Metairie,LA,,,,,
Miramar,FL,,,,,
Hampton,VA,,,,,
Van Nuys,CA,,,,,
West Valley City,UT,,,,,
Olathe,KS,,,,,
Warren,MI,,,,,
Columbia,SC,,,,,
Thornton,CO,,,,,
Carrollton,TX,,,,,
Midland,TX,,,,,
Charleston,SC,,,,,
Waco,TX,,,,,
Sterling Heights,MI,,,,,
Denton,TX,,,,,
Cedar Rapids,IA,,,,,
New Haven,CT,,,,,
Roseville,CA,,,,,
Gainesville,FL,,,,,
Visalia,CA,,,,,
Coral Springs,FL,,,,,
Thousand Oaks,CA,,,,,
Elizabeth,NJ,,,,,
Stamford,CT,,,,,
Concord,CA,,,,,
Surprise,AZ,,,,,
Alhambra,AZ,,,,,
Lafayette,LA,,,,,
Topeka,KS,,,,,
Kent,WA,,,,,
Simi Valley,CA,,,,,
East Los Angeles,CA,,,,,
Santa Clara,CA,,,,,
Murfreesboro,TN,,,,,
Sunset Park,NY,,,,,
Koreatown,CA,,,,,
Hartford,CT,,,,,
Sheepshead Bay,NY,,,,,
Amherst,NY,,,,,
Victorville,CA,,,,,
Abilene,TX,,,,,
Vallejo,CA,,,,,
North Stamford,CT,,,,,
Berkeley,CA,,,,,
Norman,OK,,,,,
Allentown,PA,,,,,
Evansville,IN,,,,,
Columbia,MO,,,,,
Odessa,TX,,,,,
Fargo,ND,,,,,
Beaumont,TX,,,,,
Independence,MO,,,,,
Ann Arbor,MI,,,,,
El Monte,CA,,,,,
Athens,GA,,,,,
Springfield,IL,,,,,
Harlem,NY,,,,,
Round Rock,TX,,,,,
Wilmington,NC,,,,,
East Harlem,NY,,,,,
Arvada,CO,,,,,
Provo,UT,,,,,
Peoria,IL,,,,,
Lansing,MI,,,,,
Downey,CA,,,,,
Carlsbad,CA,,,,,
Elmhurst,NY,,,,,
Costa Mesa,CA,,,,,
Miami Gardens,FL,,,,,
Westminster,CO,,,,,
North Peoria,IL,,,,,
Clearwater,FL,,,,,
Fairfield,CA,,,,,
Bushwick,NY,,,,,
Gravesend,NY,,,,,
Rochester,MN,,,,,
Elgin,IL,,,,,
Temecula,CA,,,,,
West Jordan,UT,,,,,
Inglewood,CA,,,,,
Richardson,TX,,,,,
Lowell,MA,,,,,
East Independence,MO,,,,,
Gresham,OR,,,,,
Antioch,CA,,,,,
Cambridge,MA,,,,,
High Point,NC,,,,,
Billings,MT,,,,,
Manchester,NH,,,,,
Murrieta,CA,,,,,
Centennial,CO,,,,,
Richmond,CA,,,,,
Corona,NY,,,,,
Pueblo,CO,,,,,
Pearland,TX,,,,,
Waterbury,CT,,,,,
West Covina,CA,,,,,
Enterprise,NV,,,,,
North Charleston,SC,,,,,
Everett,WA,,,,,
College Station,TX,,,,,
Palm Bay,FL,,,,,
Pompano Beach,FL,,,,,
Boulder,CO,,,,,
Norwalk,CA,,,,,
West Palm Beach,FL,,,,,
Broken Arrow,OK,,,,,
Daly City,CA,,,,,
Sandy Springs,GA,,,,,
Burbank,CA,,,,,
Green Bay,WI,,,,,
Santa Maria,CA,,,,,
Universal City,CA,,,,,
Wichita Falls,TX,,,,,
Lakeland,FL,,,,,
Clovis,CA,,,,,
Lewisville,TX,,,,,
Tyler,TX,,,,,
El Cajon,CA,,,,,
San Mateo,CA,,,,,
Brandon,FL,,,,,
Rialto,CA,,,,,
Davenport,IA,,,,,
Edison,NJ,,,,,
Hillsboro,OR,,,,,
Las Cruces,NM,,,,,
South Bend,IN,,,,,
Vista,CA,,,,,
Greeley,CO,,,,,
Davie,FL,,,,,
Chinatown,CA,,,,,
San Angelo,TX,,,,,
Renton,WA,,,,,
Roanoke,VA,,,,,
Kenosha,WI,,,,,
Clinton Township,MI,,,,,
Columbia,MD,,,,,
Erie,PA,,,,,
Portsmouth Heights,VA,,,,,
Richmond Hill,NY,,,,,
Alief,TX,,,,,
Spring Hill,FL,,,,,
Albany,NY,,,,,
Compton,CA,,,,,
Tuscaloosa,AL,,,,,
League City,TX,,,,,
Flint,MI,,,,,
Allen,TX,,,,,
Mission Viejo,CA,,,,,
Vacaville,CA,,,,,
Ventura,CA,,,,,
Highlands Ranch,CO,,,,,
Lawton,OK,,,,,
Beaverton,OR,,,,,
South Gate,CA,,,,,
Portsmouth,VA,,,,,
Sparks,NV,,,,,
Brockton,MA,,,,,
Dearborn,MI,,,,,
Federal Way,WA,,,,,
Lee's Summit,MO,,,,,
New Bedford,MA,,,,,
Spokane Valley,WA,,,,,
Fordham,NY,,,,,
Livonia,MI,,,,,
Roswell,GA,,,,,
Orem,UT,,,,,
Yuma,AZ,,,,,
Lawrence,KS,,,,,
The Woodlands,TX,,,,,
West Albany,NY,,,,,
Yakima,WA,,,,,
Quincy,MA,,,,,
Flatbush,NY,,,,,
Hesperia,CA,,,,,
Carson,CA,,,,,
Boca Raton,FL,,,,,
Santa Monica,CA,,,,,
San Marcos,CA,,,,,
Boyle Heights,CA,,,,,
Plantation,FL,,,,,
Lynn,MA,,,,,
Miami Beach,FL,,,,,
Arden-Arcade,CA,,,,,
Westminster,CA,,,,,
Longmont,CO,,,,,
Santa Barbara,CA,,,,,
Redding,CA,,,,,
Macon,GA,,,,,
Meridian,ID,,,,,
San Leandro,CA,,,,,
Greenville,NC,,,,,
Chico,CA,,,,,
Edmond,OK,,,,,
Chinatown,NY,,,,,
Nampa,ID,,,,,
Sandy Hills,UT,,,,,
Newton,MA,,,,,
Toms River,NJ,,,,,
Fall River,MA,,,,,
Carmel,IN,,,,,
Asheville,NC,,,,,
Norwalk,CT,,,,,
Waukegan,IL,,,,,
Deltona,FL,,,,,
Hawthorne,CA,,,,,
Fort Smith,AR,,,,,
Suffolk,VA,,,,,
Sugar Land,TX,,,,,
Livermore,CA,,,,,
Nashua,NH,,,,,
Reading,PA,,,,,
Concord,NC,,,,,
Indio,CA,,,,,
Rio Rancho,NM,,,,,
Enchanted Hills,NM,,,,,
Sandy,UT,,,,,
Whittier,CA,,,,,
Canarsie,NY,,,,,
Kirkland,WA,,,,,
Menifee,CA,,,,,
Newport Beach,CA,,,,,
Tracy,CA,,,,,
Citrus Heights,CA,,,,,
Bend,OR,,,,,
Canton,MI,,,,,
Lehigh Acres,FL,,,,,
Greenburgh,NY,,,,,
Bloomington,MN,,,,,
West Town,IL,,,,,
Germantown,MD,,,,,
Clifton,NJ,,,,,
Duluth,MN,,,,,
Champaign,IL,,,,,
Near North Side,IL,,,,,
Chino,CA,,,,,
Alhambra,CA,,,,,
Ogden,UT,,,,,
Redwood City,CA,,,,,
Bellingham,WA,,,,,
O'Fallon,MO,,,,,
Hoover,AL,,,,,
Danbury,CT,,,,,
East Norwalk,CT,,,,,
Edinburg,TX,,,,,
Sunrise,FL,,,,,
Trenton,NJ,,,,,
Santa Fe,NM,,,,,
Bloomington,IN,,,,,
Cicero,IL,,,,,
Hemet,CA,,,,,
Ahwatukee Foothills,AZ,,,,,
Johns Creek,GA,,,,,
Mission,TX,,,,,
Troy,MI,,,,,
Buena Park,CA,,,,,
Palm Coast,FL,,,,,
Fayetteville,AR,,,,,
Sioux City,IA,,,,,
Lake Forest,CA,,,,,
Merced,CA,,,,,
Longview,TX,,,,,
Bryan,TX,,,,,
Westland,MI,,,,,
Warwick,RI,,,,,
Lakewood,CA,,,,,
Farmington Hills,MI,,,,,
San Tan Valley,AZ,,,,,
Mount Pleasant,SC,,,,,
Cranston,RI,,,,,
Largo,FL,,,,,
South Suffolk,VA,,,,,
Avondale,AZ,,,,,
Tustin,CA,,,,,
Mountain View,CA,,,,,
Napa,CA,,,,,
Somerville,MA,,,,,
Lawrence,MA,,,,,
Melbourne,FL,,,,,
Parma,OH,,,,,
New Rochelle,NY,,,,,
Lynchburg,VA,,,,,
Medford,OR,,,,,
Deerfield Beach,FL,,,,,